{
  "block": "synthetic _MockMoEBlock(hidden=32, n_experts=8)",
  "n_seeds": 12,
  "n_paths": 4,
  "k": 2,
  "tau": 0.15,
  "resolutions": [
    250,
    500,
    1000,
    2000,
    4000,
    8000,
    16000
  ],
  "refinement_ratio": 64.0,
  "per_mode": {
    "hard_topk": {
      "max_quotient_median": [
        17.722707748413086,
        35.47770309448242,
        70.99031829833984,
        142.0074462890625,
        284.09002685546875,
        568.2520751953125,
        1137.099609375
      ],
      "slope": 1.0005212295136399,
      "r2": 0.9999999759851168
    },
    "soft_edge": {
      "max_quotient_median": [
        0.44994035363197327,
        0.4566938579082489,
        0.4563427269458771,
        0.46000924706459045,
        0.4609863758087158,
        0.46130725741386414,
        0.46172669529914856
      ],
      "slope": 0.005554418870024773,
      "r2": 0.8061835260204261
    },
    "hard_tied(ctl)": {
      "max_quotient_median": [
        0.2647504508495331,
        0.2648572623729706,
        0.26492395997047424,
        0.26494717597961426,
        0.26499107480049133,
        0.26507484912872314,
        0.26537224650382996
      ],
      "slope": 0.0004602840655969421,
      "r2": 0.854049538962056
    }
  }
}